iter	RMSE
0	0.7472328161	1	0.728915996222	0.712761653333	0.697395270444	0.676575375555	0.661935786	66	0.645339227	77	0.629699568	88	0.6139124399	9	0.5969426611010	0.5859508211111	0.5739793512	12	0.5616439313	13	0.548682914	014	0.539761715	015	0.528962716	016	0.517261117	017	0.505565718	018	0.496389719	019	0.488913320	20	0.479348321	021	0.46992422	0.22	0.46200823	0.23	0.45294024	0.24	0.44711425	0.25	0.44187526	0.26	0.43285027	027	0.4258028	0.28	0.41946829	0.29	0.41461730	0.30	0.40666831	0.31	0.40081432	032	0.396710233	033	0.391071834	034	0.385158635	035	0.381107736	036	0.374338937	037	0.369574238	038	0.366070839	039	0.362744540	040	0.357731041	041	0.353877849
3
